TrainStep,TrainLoss,TrainStep,TrainAccuracy
1,8.6885,1,0.45
2,643.551,2,0.14
3,512.639,3,0.12
4,208.41,4,0.11
5,83.8474,5,0.15
6,46.6136,6,0.14
7,35.9077,7,0.09
8,30.3528,8,0.11
9,18.4893,9,0.14
10,13.4458,10,0.12
11,10.672,11,0.19
12,18.3963,12,0.23
13,8.12428,13,0.25
14,3.94673,14,0.26
15,4.32711,15,0.34
16,3.08779,16,0.41
17,3.32272,17,0.47
18,3.31485,18,0.29
19,3.70589,19,0.26
20,6.58293,20,0.38
21,4.08589,21,0.26
22,3.87618,22,0.37
23,3.50417,23,0.44
24,2.40829,24,0.4
25,2.40167,25,0.42
26,2.84696,26,0.58
27,2.22731,27,0.67
28,2.0357,28,0.73
29,1.93435,29,0.6
30,2.60495,30,0.48
31,3.86416,31,0.34
32,4.44554,32,0.27
33,6.285,33,0.28
34,3.5806,34,0.12
35,5.89331,35,0.13
36,20.7892,36,0.16
37,8.96058,37,0.28
38,7.6286,38,0.14
39,10.1052,39,0.15
40,3.85065,40,0.19
41,6.02005,41,0.2
42,3.26671,42,0.23
43,4.14034,43,0.32
44,2.2962,44,0.51
45,2.18721,45,0.54
46,2.18164,46,0.54
47,2.15959,47,0.43
48,2.23674,48,0.34
49,2.26714,49,0.38
50,2.29852,50,0.51
51,2.12379,51,0.41
52,2.58027,52,0.19
53,2.65683,53,0.46
54,2.23017,54,0.56
55,2.20542,55,0.51
56,2.15798,56,0.53
57,2.10592,57,0.39
58,2.66783,58,0.16
59,4.66159,59,0.24
60,4.72425,60,0.14
61,6.92816,61,0.07
62,35.5275,62,0.09
63,12.0864,63,0.17
64,29.2442,64,0.14
65,45.8072,65,0.17
66,10.7759,66,0.15
67,5.83085,67,0.15
68,6.0237,68,0.16
69,2.75576,69,0.29
70,2.33827,70,0.35
71,2.20979,71,0.55
72,2.26882,72,0.4
73,2.18375,73,0.35
74,2.26185,74,0.39
75,2.16672,75,0.48
76,2.06456,76,0.33
77,2.3337,77,0.21
78,2.70619,78,0.08
79,2.33923,79,0.27
80,2.29859,80,0.55
81,2.21833,81,0.53
82,2.16306,82,0.6
83,2.06539,83,0.45
84,2.15668,84,0.23
85,2.48385,85,0.27
86,2.21401,86,0.42
87,2.20232,87,0.32
88,2.20917,88,0.24
89,2.42253,89,0.21
90,3.10979,90,0.25
91,2.41357,91,0.31
92,2.26158,92,0.48
93,2.14373,93,0.25
94,2.421,94,0.2
95,2.3318,95,0.37
96,2.22003,96,0.4
97,2.21,97,0.56
98,2.12611,98,0.35
99,2.27212,99,0.19
100,3.78162,100,0.17
101,2.96947,101,0.25
102,2.63761,102,0.27
103,2.30586,103,0.28
104,2.52648,104,0.13
105,3.07905,105,0.21
106,2.44481,106,0.27
107,2.40636,107,0.31
108,2.21974,108,0.51
109,2.26735,109,0.32
110,2.19286,110,0.17
111,3.11375,111,0.14
112,2.62914,112,0.15
113,4.52326,113,0.12
114,3.38379,114,0.14
115,2.72072,115,0.21
116,2.52908,116,0.21
117,2.39406,117,0.19
118,2.32276,118,0.21
119,2.31196,119,0.5
120,2.22218,120,0.43
121,2.12884,121,0.35
122,2.3633,122,0.13
123,2.73655,123,0.09
124,2.57978,124,0.14
125,2.30491,125,0.23
126,2.4422,126,0.16
127,2.51064,127,0.21
128,2.31425,128,0.4
129,2.31885,129,0.35
130,2.24053,130,0.46
131,2.25518,131,0.31
132,2.24863,132,0.22
133,2.25055,133,0.11
134,2.36846,134,0.13
135,2.34023,135,0.29
136,2.39028,136,0.25
137,2.23827,137,0.45
138,2.16989,138,0.23
139,2.95387,139,0.15
140,2.69539,140,0.1
141,2.66194,141,0.15
142,2.49192,142,0.12
143,2.29833,143,0.36
144,2.23052,144,0.26
145,2.38883,145,0.11
146,2.93462,146,0.1
147,2.25272,147,0.18
148,2.33495,148,0.18
149,2.56779,149,0.16
150,2.31275,150,0.25
151,2.26455,151,0.33
152,2.24733,152,0.2
153,2.18862,153,0.15
154,3.79521,154,0.1
155,2.45796,155,0.18
156,2.83859,156,0.15
157,2.31065,157,0.39
158,2.21354,158,0.2
159,3.29987,159,0.15
160,3.34152,160,0.17
161,2.55617,161,0.08
162,2.50473,162,0.19
163,2.29482,163,0.44
164,2.26969,164,0.23
165,2.41742,165,0.13
166,2.57878,166,0.15
167,2.33633,167,0.4
168,2.27585,168,0.37
169,2.26854,169,0.29
170,2.28766,170,0.23
171,2.3491,171,0.26
172,2.20666,172,0.34
173,2.06133,173,0.17
174,3.93894,174,0.07
175,2.43719,175,0.14
176,2.28592,176,0.19
177,2.4117,177,0.17
178,2.75803,178,0.2
179,2.29406,179,0.29
180,2.23471,180,0.29
181,2.09122,181,0.22
182,3.4222,182,0.12
183,3.17582,183,0.14
184,3.24795,184,0.14
185,2.4164,185,0.18
186,2.26975,186,0.19
187,2.27222,187,0.25
188,2.15516,188,0.28
189,2.0353,189,0.26
190,4.15924,190,0.14
191,2.77765,191,0.11
192,2.38285,192,0.2
193,2.26809,193,0.22
194,2.25607,194,0.2
195,2.63005,195,0.12
196,2.35895,196,0.16
197,2.26354,197,0.23
198,2.34518,198,0.21
199,2.26961,199,0.17
200,2.08837,200,0.19
201,3.0313,201,0.09
202,2.43835,202,0.28
203,2.29379,203,0.32
204,2.29557,204,0.31
205,2.2398,205,0.32
206,2.1424,206,0.26
207,2.20637,207,0.16
208,2.61799,208,0.1
209,2.41354,209,0.19
210,2.27497,210,0.34
211,2.27467,211,0.29
212,2.20329,212,0.37
213,2.07928,213,0.27
214,3.73157,214,0.16
215,3.15878,215,0.18
216,2.26561,216,0.21
217,2.47301,217,0.17
218,2.31166,218,0.35
219,2.22332,219,0.3
220,2.2331,220,0.13
221,2.50978,221,0.08
222,2.27712,222,0.18
223,2.503,223,0.32
224,2.25851,224,0.32
225,2.22266,225,0.26
226,2.11341,226,0.32
227,2.76054,227,0.13
228,2.27642,228,0.2
229,2.21083,229,0.29
230,2.04854,230,0.25
231,2.35546,231,0.1
232,3.11029,232,0.16
233,2.18239,233,0.22
234,2.36284,234,0.09
235,2.30959,235,0.12
236,2.2853,236,0.24
237,2.1954,237,0.37
238,2.28796,238,0.28
239,2.25524,239,0.43
240,2.17794,240,0.24
241,2.20104,241,0.25
242,2.31177,242,0.17
243,2.18989,243,0.32
244,2.19574,244,0.26
245,2.05295,245,0.36
246,2.07133,246,0.16
247,3.0347,247,0.2
248,2.2615,248,0.33
249,2.19704,249,0.25
250,2.36039,250,0.16
251,2.28304,251,0.17
252,2.34725,252,0.09
253,2.24655,253,0.21
254,2.19212,254,0.28
255,2.01424,255,0.42
256,1.99481,256,0.25
257,2.64362,257,0.22
258,2.33948,258,0.14
259,2.30445,259,0.14
260,2.3131,260,0.23
261,2.27261,261,0.48
262,2.14917,262,0.38
263,2.13218,263,0.28
264,2.25657,264,0.22
265,2.40567,265,0.13
266,2.21298,266,0.39
267,2.1308,267,0.32
268,2.27444,268,0.24
269,2.05743,269,0.38
270,2.18463,270,0.24
271,2.37241,271,0.16
272,2.26751,272,0.21
273,2.1683,273,0.24
274,2.61842,274,0.28
275,2.2025,275,0.34
276,2.0887,276,0.27
277,2.42005,277,0.24
278,2.27527,278,0.13
279,2.46465,279,0.17
280,2.06701,280,0.24
281,2.47661,281,0.23
282,2.22256,282,0.17
283,2.20613,283,0.22
284,2.23714,284,0.2
285,2.18505,285,0.36
286,2.10002,286,0.36
287,1.92782,287,0.25
288,2.80399,288,0.14
289,3.17093,289,0.15
290,2.32782,290,0.21
291,2.11271,291,0.27
292,3.52253,292,0.11
293,5.22641,293,0.22
294,2.2758,294,0.34
295,2.20827,295,0.33
296,2.02208,296,0.33
297,2.10364,297,0.19
298,3.32693,298,0.08
299,2.65253,299,0.21
300,2.26934,300,0.41
301,2.19163,301,0.4
302,2.11079,302,0.36
303,2.12181,303,0.2
304,2.65151,304,0.16
305,2.26077,305,0.24
306,2.11005,306,0.33
307,2.19405,307,0.12
308,2.26893,308,0.32
309,2.13592,309,0.43
310,1.95156,310,0.43
311,2.08792,311,0.38
312,2.12498,312,0.33
313,1.97706,313,0.31
314,2.27807,314,0.23
315,2.18673,315,0.23
316,2.15054,316,0.18
317,2.25191,317,0.19
318,2.10537,318,0.3
319,2.05284,319,0.41
320,1.90496,320,0.39
321,2.39743,321,0.23
322,2.3449,322,0.17
323,2.21685,323,0.32
324,2.13937,324,0.37
325,2.02093,325,0.4
326,2.08761,326,0.42
327,1.96004,327,0.42
328,2.01114,328,0.34
329,2.02733,329,0.47
330,1.86194,330,0.43
331,2.0676,331,0.21
332,2.05373,332,0.22
333,2.27367,333,0.15
334,2.35067,334,0.26
335,2.07338,335,0.36
336,2.26095,336,0.27
337,2.073,337,0.31
338,2.01923,338,0.42
339,1.90287,339,0.48
340,2.072,340,0.21
341,2.05063,341,0.24
342,2.01542,342,0.34
343,1.95316,343,0.47
344,2.01966,344,0.34
345,2.00238,345,0.26
346,2.21518,346,0.21
347,2.3478,347,0.16
348,2.2261,348,0.31
349,2.14093,349,0.31
350,2.08929,350,0.24
351,2.21804,351,0.22
352,2.11307,352,0.25
353,2.2999,353,0.18
354,2.15948,354,0.34
355,1.92681,355,0.39
356,2.17105,356,0.25
357,2.01327,357,0.35
358,2.08036,358,0.25
359,2.10629,359,0.28
360,2.0646,360,0.32
361,2.09193,361,0.22
362,2.15256,362,0.22
363,1.98998,363,0.31
364,2.24572,364,0.26
365,2.0781,365,0.3
366,2.0149,366,0.39
367,1.97481,367,0.32
368,1.89449,368,0.4
369,1.87509,369,0.36
370,2.20266,370,0.33
371,2.02846,371,0.33
372,1.9986,372,0.41
373,1.8921,373,0.41
374,1.89722,374,0.37
375,2.00034,375,0.26
376,2.44084,376,0.3
377,1.95811,377,0.38
378,1.9999,378,0.35
379,1.9128,379,0.39
380,1.87244,380,0.45
381,1.91953,381,0.42
382,1.8469,382,0.43
383,1.9164,383,0.36
384,1.90005,384,0.5
385,1.75738,385,0.47
386,2.28102,386,0.32
387,2.10408,387,0.24
388,2.1517,388,0.34
389,2.07493,389,0.43
390,1.97299,390,0.43
391,1.87662,391,0.41
392,2.03646,392,0.34
393,2.09275,393,0.33
394,1.90396,394,0.5
395,1.82162,395,0.48
396,1.95201,396,0.35
397,2.03772,397,0.24
398,2.04377,398,0.31
399,1.85988,399,0.39
400,1.96478,400,0.45
401,1.85343,401,0.41
402,1.89751,402,0.4
403,2.04748,403,0.3
404,2.409,404,0.22
405,2.12748,405,0.36
406,1.97496,406,0.46
407,1.8568,407,0.58
408,1.91108,408,0.37
409,1.87192,409,0.35
410,2.10918,410,0.3
411,2.10859,411,0.3
412,1.95521,412,0.57
413,1.88369,413,0.41
414,1.86552,414,0.3
415,2.29262,415,0.22
416,2.06691,416,0.33
417,1.8873,417,0.4
418,2.06503,418,0.31
419,1.94836,419,0.46
420,1.90505,420,0.48
421,1.83986,421,0.44
422,1.94819,422,0.32
423,2.18342,423,0.28
424,2.0923,424,0.38
425,2.09229,425,0.22
426,2.46701,426,0.18
427,2.04818,427,0.36
428,1.93209,428,0.44
429,1.87195,429,0.49
430,2.02073,430,0.49
431,2.02048,431,0.37
432,1.87703,432,0.44
433,2.09454,433,0.38
434,1.85676,434,0.35
435,2.57324,435,0.28
436,2.15011,436,0.34
437,2.13478,437,0.35
438,1.96682,438,0.36
439,1.95899,439,0.41
440,1.96019,440,0.42
441,1.90996,441,0.42
442,1.81707,442,0.53
443,1.76159,443,0.55
444,1.84157,444,0.39
445,2.24286,445,0.26
446,1.95948,446,0.35
447,1.90169,447,0.37
448,2.35497,448,0.21
449,2.22277,449,0.42
450,2.04402,450,0.32
451,1.90459,451,0.38
452,1.80164,452,0.51
453,1.69305,453,0.58
454,2.06138,454,0.45
455,1.89826,455,0.44
456,1.97172,456,0.36
457,1.81169,457,0.55
458,1.66744,458,0.5
459,2.08531,459,0.38
460,1.91647,460,0.38
461,1.77658,461,0.55
462,1.69331,462,0.45
463,1.84193,463,0.47
464,2.03467,464,0.3
465,2.11152,465,0.25
466,1.97421,466,0.49
467,1.83791,467,0.54
468,1.80606,468,0.47
469,2.348,469,0.22
470,2.42364,470,0.34
471,1.90075,471,0.37
472,1.98553,472,0.43
473,1.97441,473,0.43
474,1.92995,474,0.44
475,1.97582,475,0.42
476,1.94921,476,0.39
477,1.85282,477,0.53
478,1.79205,478,0.61
479,1.9338,479,0.47
480,1.76637,480,0.63
481,1.78553,481,0.58
482,1.67593,482,0.51
483,1.89907,483,0.52
484,2.07109,484,0.33
485,1.96027,485,0.42
486,1.78787,486,0.48
487,1.93144,487,0.54
488,1.6531,488,0.57
489,1.75012,489,0.58
490,1.69724,490,0.6
491,1.92169,491,0.4
492,1.74717,492,0.51
493,1.87178,493,0.42
494,1.80984,494,0.45
495,2.27103,495,0.19
496,2.35404,496,0.35
497,2.21628,497,0.31
498,1.87816,498,0.53
499,1.87934,499,0.45
500,1.70753,500,0.46
501,1.73732,501,0.51
502,1.72252,502,0.53
503,1.87235,503,0.41
504,2.41283,504,0.23
505,1.96988,505,0.32
506,1.77247,506,0.6
507,1.76523,507,0.55
508,1.66602,508,0.46
509,1.77241,509,0.49
510,1.85041,510,0.5
511,1.87096,511,0.48
512,1.74401,512,0.41
513,2.00025,513,0.4
514,1.69082,514,0.52
515,1.88469,515,0.39
516,1.96932,516,0.44
517,1.81176,517,0.46
518,1.67543,518,0.6
519,1.82057,519,0.59
520,1.78756,520,0.49
521,1.89151,521,0.41
522,1.98196,522,0.37
523,2.26204,523,0.42
524,2.07573,524,0.38
525,1.83605,525,0.55
526,1.70353,526,0.54
527,1.84393,527,0.58
528,1.66723,528,0.63
529,1.74711,529,0.54
530,1.68775,530,0.72
531,1.61599,531,0.61
532,1.8273,532,0.44
533,2.12417,533,0.5
534,1.73953,534,0.62
535,1.6261,535,0.64
536,1.47931,536,0.74
537,1.56569,537,0.55
538,1.84404,538,0.4
539,2.3695,539,0.29
540,2.02893,540,0.34
541,2.16305,541,0.49
542,1.89171,542,0.54
543,1.70439,543,0.62
544,1.74925,544,0.59
545,1.64752,545,0.63
546,1.65121,546,0.52
547,1.96546,547,0.35
548,2.20032,548,0.36
549,1.76425,549,0.52
550,1.70022,550,0.49
551,1.75807,551,0.45
552,1.7496,552,0.57
553,1.65331,553,0.64
554,1.80996,554,0.56
555,1.62257,555,0.49
556,1.59476,556,0.38
557,2.14331,557,0.32
558,1.86981,558,0.45
559,1.91094,559,0.47
560,1.76055,560,0.57
561,1.60611,561,0.62
562,1.65742,562,0.55
563,1.72127,563,0.53
564,1.83854,564,0.51
565,1.58393,565,0.55
566,1.64715,566,0.62
567,1.63831,567,0.51
568,1.82567,568,0.45
569,2.03313,569,0.33
570,1.98339,570,0.5
571,2.04648,571,0.36
572,1.8853,572,0.45
573,1.78023,573,0.51
574,1.89958,574,0.44
575,1.79298,575,0.42
576,1.83601,576,0.48
577,1.79357,577,0.65
578,1.69627,578,0.51
579,1.86812,579,0.41
580,1.98189,580,0.51
581,1.79814,581,0.61
582,1.78103,582,0.59
583,1.78305,583,0.47
584,1.95101,584,0.44
585,1.87034,585,0.48
586,1.65208,586,0.49
587,2.00957,587,0.43
588,1.76817,588,0.47
589,1.74367,589,0.63
590,1.70976,590,0.52
591,1.66349,591,0.45
592,1.79005,592,0.48
593,1.91062,593,0.45
594,1.78157,594,0.61
595,1.63646,595,0.67
596,1.47341,596,0.64
597,1.7447,597,0.54
598,1.73964,598,0.56
599,1.94231,599,0.42
600,1.75673,600,0.64
601,1.77486,601,0.48
602,1.95946,602,0.48
603,1.8112,603,0.47
604,1.74371,604,0.57
605,1.51344,605,0.62
606,1.67803,606,0.59
607,1.33256,607,0.65
608,1.66334,608,0.53
609,1.55498,609,0.61
610,1.93604,610,0.46
611,1.71026,611,0.56
612,1.78977,612,0.47
613,1.63326,613,0.7
614,1.6994,614,0.54
615,1.8299,615,0.4
616,1.67109,616,0.63
617,1.84186,617,0.51
618,1.77447,618,0.57
619,1.61206,619,0.64
620,1.73013,620,0.53
621,1.62189,621,0.57
622,1.863,622,0.59
623,1.61147,623,0.55
624,1.70916,624,0.56
625,1.60141,625,0.62
626,1.63779,626,0.46
627,1.70114,627,0.56
628,1.56143,628,0.68
629,1.80019,629,0.33
630,2.07164,630,0.38
631,1.72005,631,0.59
632,1.68154,632,0.58
633,1.61875,633,0.55
634,1.64128,634,0.54
635,1.74233,635,0.53
636,1.81014,636,0.52
637,1.72387,637,0.56
638,1.60635,638,0.67
639,1.54537,639,0.65
640,1.74416,640,0.54
641,1.79957,641,0.47
642,1.98396,642,0.31
643,2.28033,643,0.45
644,1.90255,644,0.4
645,1.68721,645,0.58
646,1.7777,646,0.62
647,1.60382,647,0.61
648,1.59051,648,0.68
649,1.51764,649,0.77
650,1.52526,650,0.66
651,1.68399,651,0.54
652,1.62942,652,0.66
653,1.8207,653,0.57
654,1.5095,654,0.65
655,1.60938,655,0.67
656,1.49777,656,0.7
657,1.49403,657,0.5
658,1.88801,658,0.37
659,2.39561,659,0.26
660,2.22191,660,0.35
661,2.08975,661,0.28
662,1.9472,662,0.5
663,1.80413,663,0.42
664,1.83049,664,0.54
665,1.73816,665,0.52
666,1.45896,666,0.66
667,1.44434,667,0.71
668,1.65874,668,0.59
669,1.39857,669,0.63
670,1.62822,670,0.56
671,1.82472,671,0.55
672,1.67455,672,0.67
673,1.50332,673,0.78
674,1.45974,674,0.7
675,1.67264,675,0.7
676,1.61827,676,0.65
677,1.722,677,0.58
678,1.41927,678,0.64
679,1.5466,679,0.64
680,1.61144,680,0.66
681,1.62592,681,0.7
682,1.50161,682,0.71
683,1.4297,683,0.58
684,1.66147,684,0.49
685,1.82489,685,0.6
686,1.7343,686,0.48
687,1.71693,687,0.67
688,1.50634,688,0.67
689,1.44109,689,0.69
690,1.65249,690,0.53
691,1.70554,691,0.68
692,1.46174,692,0.78
693,1.25227,693,0.63
694,2.06966,694,0.47
695,1.88946,695,0.51
696,1.79942,696,0.36
697,2.10164,697,0.39
698,1.6896,698,0.58
699,1.67814,699,0.53
700,1.66842,700,0.69
701,1.57066,701,0.67
702,1.60438,702,0.54
703,1.79025,703,0.63
704,1.68025,704,0.67
705,1.54955,705,0.61
706,1.55967,706,0.62
707,1.73588,707,0.36
708,2.51175,708,0.4
709,1.7248,709,0.65
710,1.54268,710,0.66
711,1.4256,711,0.75
712,1.53554,712,0.72
713,1.52749,713,0.75
714,1.50614,714,0.73
715,1.25847,715,0.84
716,1.46066,716,0.47
717,2.11658,717,0.46
718,1.76902,718,0.56
719,1.67876,719,0.6
720,1.50192,720,0.72
721,1.5503,721,0.58
722,1.5972,722,0.58
723,1.5801,723,0.63
724,1.53716,724,0.6
725,1.67823,725,0.62
726,1.41261,726,0.58
727,1.61863,727,0.71
728,1.4464,728,0.78
729,1.44971,729,0.63
730,1.53485,730,0.56
731,1.62891,731,0.63
732,1.46902,732,0.53
733,1.63267,733,0.54
734,1.51672,734,0.58
735,1.49565,735,0.71
736,1.49966,736,0.69
737,1.43439,737,0.62
738,2.02912,738,0.41
739,2.74929,739,0.35
740,2.16229,740,0.4
741,1.94655,741,0.41
742,1.7895,742,0.5
743,1.60115,743,0.63
744,1.80026,744,0.58
745,1.56068,745,0.73
746,1.68967,746,0.59
747,1.52575,747,0.72
748,1.71285,748,0.63
749,1.59891,749,0.71
750,1.5979,750,0.66
751,1.64449,751,0.68
752,1.59683,752,0.67
753,1.78125,753,0.64
754,1.59535,754,0.64
755,1.49323,755,0.7
756,1.7521,756,0.55
757,1.60721,757,0.73
758,1.60026,758,0.75
759,1.51682,759,0.7
760,1.44067,760,0.71
761,1.47075,761,0.76
762,1.50827,762,0.61
763,1.59438,763,0.65
764,1.48887,764,0.6
765,1.6525,765,0.64
766,1.53015,766,0.74
767,1.50369,767,0.57
768,1.52024,768,0.55
769,1.7374,769,0.45
770,1.73378,770,0.34
771,2.6885,771,0.43
772,1.66725,772,0.54
773,1.86805,773,0.46
774,1.73238,774,0.54
775,1.58596,775,0.62
776,1.44891,776,0.68
777,1.5029,777,0.65
778,1.60003,778,0.49
779,1.77929,779,0.49
780,1.74884,780,0.67
781,1.58379,781,0.62
782,1.59222,782,0.68
783,1.39983,783,0.72
784,1.5932,784,0.53
785,1.65016,785,0.57
786,1.51228,786,0.73
787,1.44155,787,0.71
788,1.6228,788,0.69
789,1.51893,789,0.62
790,1.63758,790,0.61
791,1.73457,791,0.46
792,1.74023,792,0.62
793,1.49763,793,0.61
794,1.60822,794,0.6
795,1.27673,795,0.79
796,1.7295,796,0.56
797,1.64573,797,0.63
798,1.45842,798,0.67
799,1.46905,799,0.64
800,1.66223,800,0.59
801,1.3936,801,0.71
802,1.27256,802,0.75
803,1.40283,803,0.64
804,1.64987,804,0.52
805,1.69897,805,0.51
806,1.7941,806,0.51
807,1.69572,807,0.62
808,1.3897,808,0.69
809,1.5726,809,0.73
810,1.46729,810,0.72
811,1.38282,811,0.79
812,1.75841,812,0.52
813,1.66458,813,0.56
814,1.49608,814,0.66
815,1.49403,815,0.62
816,1.74378,816,0.6
817,1.55528,817,0.61
818,1.3753,818,0.71
819,1.2316,819,0.82
820,1.44686,820,0.64
821,1.48189,821,0.66
822,1.54331,822,0.64
823,1.60957,823,0.6
824,1.6188,824,0.62
825,1.49037,825,0.65
826,1.52225,826,0.65
827,1.85114,827,0.54
828,1.55207,828,0.74
829,1.49622,829,0.68
830,1.73192,830,0.49
831,1.89269,831,0.47
832,1.54972,832,0.57
833,1.64467,833,0.58
834,1.62626,834,0.56
835,1.70053,835,0.59
836,1.69102,836,0.65
837,1.57868,837,0.67
838,1.45588,838,0.74
839,1.45735,839,0.63
840,1.54617,840,0.68
841,1.44974,841,0.57
842,1.71628,842,0.57
843,1.58247,843,0.57
844,1.6879,844,0.67
845,1.29984,845,0.67
846,1.47942,846,0.76
847,1.50536,847,0.72
848,1.43682,848,0.65
849,1.59177,849,0.59
850,1.52389,850,0.75
851,1.42614,851,0.7
852,1.6341,852,0.57
853,1.89969,853,0.54
854,1.59007,854,0.69
855,1.39372,855,0.82
856,1.31165,856,0.69
857,1.51057,857,0.74
858,1.39549,858,0.75
859,1.57539,859,0.57
860,1.92658,860,0.5
861,1.83532,861,0.45
862,1.98282,862,0.42
863,1.72601,863,0.54
864,1.53137,864,0.56
865,1.42859,865,0.65
866,1.9023,866,0.47
867,1.74711,867,0.67
868,1.57626,868,0.64
869,1.46464,869,0.63
870,1.41547,870,0.71
871,1.3117,871,0.74
872,1.58088,872,0.63
873,1.6044,873,0.58
874,1.5067,874,0.75
875,1.41306,875,0.72
876,1.59063,876,0.64
877,1.76037,877,0.62
878,1.49005,878,0.64
879,1.61981,879,0.64
880,1.65819,880,0.59
881,1.54903,881,0.67
882,1.47822,882,0.59
883,1.76327,883,0.6
884,1.52442,884,0.67
885,1.61261,885,0.67
886,1.31419,886,0.77
887,1.49262,887,0.59
888,1.99038,888,0.51
889,1.68623,889,0.48
890,1.72343,890,0.59
891,1.47907,891,0.76
892,1.35444,892,0.83
893,1.38924,893,0.8
894,1.51778,894,0.72
895,1.74036,895,0.63
896,1.37793,896,0.76
897,1.4065,897,0.69
898,1.88398,898,0.57
899,1.67838,899,0.7
900,1.54541,900,0.65
901,1.53892,901,0.64
902,1.63568,902,0.55
903,1.61652,903,0.61
904,1.41736,904,0.79
905,1.22262,905,0.83
906,1.26683,906,0.74
907,1.79183,907,0.59
908,1.40582,908,0.67
909,1.43586,909,0.69
910,1.33321,910,0.8
911,1.30781,911,0.75
912,1.22547,912,0.74
913,1.65137,913,0.53
914,1.73172,914,0.59
915,1.36971,915,0.72
916,1.36859,916,0.77
917,1.30514,917,0.69
918,1.36916,918,0.59
919,1.33586,919,0.66
920,1.64557,920,0.61
921,1.37812,921,0.72
922,1.38017,922,0.77
923,1.44179,923,0.63
924,1.68435,924,0.62
925,1.48894,925,0.69
926,1.54548,926,0.55
927,1.69441,927,0.59
928,1.4921,928,0.6
929,1.36821,929,0.74
930,1.50747,930,0.69
931,1.28027,931,0.79
932,1.56507,932,0.56
933,1.61335,933,0.61
934,1.55595,934,0.66
935,1.51631,935,0.57
936,1.70687,936,0.65
937,1.42319,937,0.78
938,1.42577,938,0.73
939,1.53805,939,0.68
940,1.48231,940,0.71
941,1.29118,941,0.75
942,1.10931,942,0.74
943,1.53393,943,0.49
944,2.07947,944,0.51
945,2.00552,945,0.43
946,1.83335,946,0.45
947,1.75835,947,0.51
948,1.59143,948,0.63
949,1.41821,949,0.75
950,1.16491,950,0.84
951,1.54155,951,0.78
952,1.27493,952,0.79
953,1.60588,953,0.61
954,1.55479,954,0.64
955,1.46287,955,0.67
956,1.52721,956,0.59
957,1.50843,957,0.73
958,1.48028,958,0.75
959,1.41922,959,0.76
960,1.61763,960,0.68
961,1.30213,961,0.72
962,1.32529,962,0.74
963,1.30705,963,0.8
964,1.51971,964,0.65
965,1.67198,965,0.55
966,1.46521,966,0.74
967,1.43864,967,0.7
968,1.35347,968,0.72
969,1.55994,969,0.64
970,1.77449,970,0.47
971,1.67967,971,0.62
972,1.49843,972,0.74
973,1.26391,973,0.78
974,1.26091,974,0.87
975,1.49978,975,0.6
976,1.49984,976,0.6
977,1.45068,977,0.68
978,1.53584,978,0.62
979,1.49383,979,0.63
980,1.63105,980,0.64
981,1.53702,981,0.72
982,1.45143,982,0.69
983,1.29378,983,0.8
984,1.30673,984,0.72
985,1.53417,985,0.74
986,1.50008,986,0.62
987,1.49191,987,0.71
988,1.54714,988,0.66
989,1.48004,989,0.71
990,1.41091,990,0.67
991,1.30177,991,0.79
992,1.34563,992,0.75
993,1.48251,993,0.64
994,1.61537,994,0.55
995,1.4672,995,0.71
996,1.38913,996,0.74
997,1.42009,997,0.73
998,1.33556,998,0.75
999,1.44645,999,0.76
1000,1.2273,1000,0.79
1001,1.51909,1001,0.67
1002,1.3993,1002,0.67
1003,1.46981,1003,0.66
1004,1.68052,1004,0.62
1005,1.51343,1005,0.59
1006,1.72597,1006,0.55
1007,1.73565,1007,0.62
1008,1.43003,1008,0.76
1009,1.45616,1009,0.74
1010,1.45534,1010,0.75
1011,1.55043,1011,0.5
1012,1.79466,1012,0.52
1013,1.46818,1013,0.61
1014,1.48319,1014,0.68
1015,1.37156,1015,0.65
1016,1.3995,1016,0.64
1017,1.45949,1017,0.67
1018,1.33483,1018,0.61
1019,1.57727,1019,0.61
1020,1.44994,1020,0.62
1021,1.36368,1021,0.71
1022,1.3733,1022,0.73
1023,1.23484,1023,0.8
1024,1.48359,1024,0.76
1025,1.3088,1025,0.75
1026,1.48988,1026,0.58
1027,1.75367,1027,0.55
1028,1.54575,1028,0.58
1029,1.69898,1029,0.62
1030,1.67391,1030,0.61
1031,1.46331,1031,0.7
1032,1.31584,1032,0.7
1033,1.30497,1033,0.72
1034,1.38791,1034,0.71
1035,1.3877,1035,0.67
1036,1.66305,1036,0.63
1037,1.26875,1037,0.81
1038,1.27484,1038,0.83
1039,1.16457,1039,0.79
1040,1.25514,1040,0.76
1041,1.53168,1041,0.63
1042,1.52226,1042,0.66
1043,1.67348,1043,0.62
1044,1.41997,1044,0.7
1045,1.32591,1045,0.71
1046,1.27078,1046,0.69
1047,1.37225,1047,0.74
1048,1.14877,1048,0.77
1049,1.58166,1049,0.5
1050,2.02352,1050,0.55
1051,1.51293,1051,0.61
1052,1.60911,1052,0.63
1053,1.65725,1053,0.69
1054,1.36838,1054,0.72
1055,1.32713,1055,0.66
1056,1.50698,1056,0.7
1057,1.39805,1057,0.72
1058,1.36502,1058,0.71
1059,1.11994,1059,0.79
1060,1.41349,1060,0.54
1061,1.84583,1061,0.58
1062,1.55141,1062,0.7
1063,1.49985,1063,0.76
1064,1.23117,1064,0.81
1065,1.55651,1065,0.8
1066,1.16364,1066,0.83
1067,1.68362,1067,0.65
1068,1.34192,1068,0.77
1069,1.47898,1069,0.66
1070,1.40659,1070,0.68
1071,1.19442,1071,0.74
1072,1.13456,1072,0.81
1073,1.46726,1073,0.73
1074,1.3189,1074,0.71
1075,1.4715,1075,0.65
1076,1.59327,1076,0.5
1077,1.45276,1077,0.75
1078,1.17593,1078,0.86
1079,1.21608,1079,0.81
1080,1.39609,1080,0.76
1081,1.76666,1081,0.55
1082,1.49073,1082,0.65
1083,1.35975,1083,0.74
1084,1.50112,1084,0.71
1085,1.40308,1085,0.68
1086,1.35748,1086,0.73
1087,1.27319,1087,0.86
1088,1.22783,1088,0.8
1089,1.65735,1089,0.6
1090,1.46711,1090,0.47
1091,2.08594,1091,0.51
1092,1.9533,1092,0.46
1093,1.51374,1093,0.62
1094,1.48181,1094,0.61
1095,1.2335,1095,0.8
1096,1.44578,1096,0.73
1097,1.5982,1097,0.52
1098,1.58587,1098,0.6
1099,1.6161,1099,0.72
1100,1.34985,1100,0.8
1101,1.16575,1101,0.83
1102,1.35088,1102,0.8
1103,1.29556,1103,0.77
1104,1.32908,1104,0.83
1105,1.27094,1105,0.81
1106,1.43664,1106,0.56
1107,1.55677,1107,0.58
1108,1.73266,1108,0.63
1109,1.40792,1109,0.73
1110,1.41322,1110,0.75
1111,1.15322,1111,0.82
1112,1.2616,1112,0.75
1113,1.35416,1113,0.75
1114,1.43173,1114,0.63
1115,1.48674,1115,0.63
1116,1.46017,1116,0.77
1117,1.16798,1117,0.8
1118,1.36431,1118,0.7
1119,1.39391,1119,0.71
1120,1.38328,1120,0.67
1121,1.90215,1121,0.49
1122,1.60096,1122,0.66
1123,1.66805,1123,0.52
1124,1.25512,1124,0.75
1125,1.34829,1125,0.77
1126,1.36188,1126,0.67
1127,1.47977,1127,0.73
1128,1.17015,1128,0.83
1129,1.28096,1129,0.79
1130,1.50767,1130,0.63
1131,1.45446,1131,0.62
1132,1.5474,1132,0.64
1133,1.71712,1133,0.59
1134,1.73147,1134,0.58
1135,1.58956,1135,0.67
1136,1.43104,1136,0.78
1137,1.37079,1137,0.81
1138,1.25769,1138,0.82
1139,1.45744,1139,0.68
1140,1.1949,1140,0.83
1141,1.30655,1141,0.81
1142,1.56343,1142,0.79
1143,1.33279,1143,0.78
1144,1.30422,1144,0.75
1145,1.53324,1145,0.59
1146,1.39176,1146,0.76
1147,1.2661,1147,0.71
1148,1.32272,1148,0.62
1149,1.87806,1149,0.56
1150,1.30902,1150,0.74
1151,1.48461,1151,0.66
1152,1.38412,1152,0.67
1153,1.39957,1153,0.74
1154,1.28668,1154,0.77
1155,1.16472,1155,0.8
1156,1.34913,1156,0.76
1157,1.31191,1157,0.78
1158,1.19902,1158,0.76
1159,1.32289,1159,0.8
1160,1.49749,1160,0.77
1161,1.30824,1161,0.73
1162,1.25045,1162,0.7
1163,1.44567,1163,0.52
1164,1.80299,1164,0.62
1165,1.38087,1165,0.63
1166,1.76861,1166,0.53
1167,1.40473,1167,0.78
1168,1.31128,1168,0.77
1169,1.36738,1169,0.69
1170,1.1936,1170,0.75
1171,1.25677,1171,0.79
1172,1.15954,1172,0.81
1173,1.42229,1173,0.7
1174,1.22201,1174,0.74
1175,1.35373,1175,0.72
1176,1.40314,1176,0.61
1177,1.4722,1177,0.71
1178,1.20317,1178,0.81
1179,1.11531,1179,0.8
1180,1.43192,1180,0.62
1181,1.55871,1181,0.64
1182,1.01403,1182,0.85
1183,1.1509,1183,0.86
1184,1.22744,1184,0.75
1185,1.38336,1185,0.75
1186,1.32482,1186,0.77
1187,1.35598,1187,0.81
1188,1.3156,1188,0.75
1189,1.15958,1189,0.75
1190,1.34815,1190,0.73
1191,1.16006,1191,0.74
1192,1.44607,1192,0.67
1193,1.15166,1193,0.78
1194,1.31432,1194,0.47
1195,2.61795,1195,0.45
1196,1.72928,1196,0.53
1197,1.61075,1197,0.61
1198,1.49593,1198,0.67
1199,1.38963,1199,0.72
1200,1.3083,1200,0.74
1201,1.57238,1201,0.63
1202,1.62926,1202,0.66
1203,1.67656,1203,0.67
1204,1.37186,1204,0.73
1205,1.30389,1205,0.73
1206,1.40508,1206,0.69
1207,1.15837,1207,0.77
1208,1.09694,1208,0.82
1209,1.36101,1209,0.71
1210,1.47969,1210,0.6
1211,1.32138,1211,0.68
1212,1.52896,1212,0.63
1213,1.14006,1213,0.8
1214,1.41565,1214,0.74
1215,1.23198,1215,0.76
1216,1.27436,1216,0.75
1217,1.37335,1217,0.74
1218,1.49149,1218,0.62
1219,1.40441,1219,0.7
1220,1.42955,1220,0.69
1221,1.65955,1221,0.64
1222,1.43955,1222,0.69
1223,1.21209,1223,0.72
1224,1.20767,1224,0.74
1225,1.19131,1225,0.81
1226,1.28531,1226,0.85
1227,1.33642,1227,0.76
1228,1.21666,1228,0.8
1229,1.31593,1229,0.71
1230,1.24622,1230,0.69
1231,1.19804,1231,0.72
1232,1.50696,1232,0.7
1233,1.26569,1233,0.84
1234,1.1641,1234,0.82
1235,1.26348,1235,0.85
1236,1.24866,1236,0.76
1237,1.11038,1237,0.79
1238,1.32845,1238,0.77
1239,1.44883,1239,0.77
1240,1.60707,1240,0.63
1241,1.45239,1241,0.71
1242,1.19405,1242,0.76
1243,1.66641,1243,0.44
1244,1.9663,1244,0.55
1245,1.52478,1245,0.64
1246,1.30159,1246,0.7
1247,1.46109,1247,0.74
1248,1.29221,1248,0.76
1249,1.1252,1249,0.82
1250,1.20402,1250,0.75
1251,1.22764,1251,0.59
1252,1.38693,1252,0.74
1253,1.30086,1253,0.81
1254,1.29092,1254,0.77
1255,1.315,1255,0.74
1256,1.18174,1256,0.8
1257,1.31273,1257,0.73
1258,1.19176,1258,0.83
1259,1.36713,1259,0.7
1260,1.33295,1260,0.67
1261,1.47727,1261,0.66
1262,1.42858,1262,0.72
1263,1.22014,1263,0.79
1264,1.43796,1264,0.65
1265,1.49213,1265,0.64
1266,1.53696,1266,0.62
1267,1.7311,1267,0.55
1268,1.33999,1268,0.73
1269,1.58324,1269,0.77
1270,1.10208,1270,0.89
1271,1.54553,1271,0.64
1272,1.45792,1272,0.66
1273,1.22593,1273,0.83
1274,1.30993,1274,0.76
1275,1.17436,1275,0.78
1276,1.1614,1276,0.75
1277,1.3549,1277,0.76
1278,1.30236,1278,0.74
1279,1.34907,1279,0.69
1280,1.67581,1280,0.71
1281,1.28778,1281,0.81
1282,1.07576,1282,0.84
1283,0.989467,1283,0.8
1284,1.53435,1284,0.61
1285,1.51513,1285,0.74
1286,1.22785,1286,0.8
1287,1.22306,1287,0.75
1288,1.24625,1288,0.77
1289,1.41858,1289,0.74
1290,1.15984,1290,0.78
1291,1.43161,1291,0.62
1292,1.44855,1292,0.68
1293,1.24037,1293,0.68
1294,1.45104,1294,0.61
1295,1.18251,1295,0.81
1296,1.26741,1296,0.75
1297,1.58848,1297,0.64
1298,1.51507,1298,0.64
1299,1.16733,1299,0.81
1300,1.3425,1300,0.71
1301,1.52564,1301,0.74
1302,1.23666,1302,0.74
1303,1.15048,1303,0.72
1304,1.37097,1304,0.7
1305,1.3689,1305,0.78
1306,1.18505,1306,0.85
1307,1.06775,1307,0.78
1308,1.23797,1308,0.71
1309,1.42755,1309,0.69
1310,1.43373,1310,0.72
1311,1.32449,1311,0.7
1312,1.10052,1312,0.82
1313,1.19897,1313,0.76
1314,1.29653,1314,0.73
1315,1.29062,1315,0.78
1316,1.18861,1316,0.79
1317,1.53034,1317,0.68
1318,1.34518,1318,0.71
1319,1.44941,1319,0.63
1320,1.51963,1320,0.51
1321,2.39398,1321,0.4
1322,1.56267,1322,0.61
1323,1.28199,1323,0.73
1324,1.3248,1324,0.68
1325,1.21544,1325,0.78
1326,1.09011,1326,0.81
1327,1.29697,1327,0.73
1328,1.65382,1328,0.65
1329,1.21445,1329,0.78
1330,1.12553,1330,0.79
1331,1.23804,1331,0.81
1332,1.55361,1332,0.7
1333,1.34397,1333,0.66
1334,1.50939,1334,0.72
1335,1.31428,1335,0.77
1336,1.22716,1336,0.83
1337,1.25441,1337,0.81
1338,1.23562,1338,0.84
1339,1.28333,1339,0.79
1340,1.47824,1340,0.7
1341,1.4343,1341,0.68
1342,1.11892,1342,0.85
1343,1.29775,1343,0.62
1344,1.29953,1344,0.6
1345,1.34679,1345,0.73
1346,1.45068,1346,0.74
1347,1.40253,1347,0.72
1348,1.42304,1348,0.61
1349,1.39475,1349,0.75
1350,1.23252,1350,0.8
1351,1.12541,1351,0.73
1352,1.07148,1352,0.78
1353,1.14781,1353,0.75
1354,1.34504,1354,0.67
1355,1.21092,1355,0.78
1356,1.32888,1356,0.75
1357,1.59553,1357,0.64
1358,1.56404,1358,0.7
1359,1.40013,1359,0.74
1360,1.20211,1360,0.71
1361,1.60459,1361,0.62
1362,1.40116,1362,0.73
1363,1.1653,1363,0.79
1364,1.24445,1364,0.86
1365,1.01997,1365,0.82
1366,1.01096,1366,0.82
1367,1.20168,1367,0.78
1368,1.40882,1368,0.7
1369,1.51903,1369,0.64
1370,1.39707,1370,0.68
1371,1.35778,1371,0.75
1372,1.30957,1372,0.75
1373,1.07217,1373,0.87
1374,1.49132,1374,0.64
1375,1.06306,1375,0.78
1376,1.40456,1376,0.75
1377,1.33588,1377,0.76
1378,1.2633,1378,0.71
1379,1.32064,1379,0.77
1380,1.30881,1380,0.78
1381,1.13979,1381,0.77
1382,1.58309,1382,0.69
1383,1.25066,1383,0.69
1384,1.39106,1384,0.81
1385,1.32882,1385,0.81
1386,1.15733,1386,0.77
1387,1.32001,1387,0.71
1388,1.44853,1388,0.64
1389,1.35062,1389,0.74
1390,1.49461,1390,0.63
1391,1.38967,1391,0.8
1392,1.34286,1392,0.75
1393,1.2242,1393,0.84
1394,1.1572,1394,0.7
1395,1.20437,1395,0.83
1396,1.17769,1396,0.73
1397,1.56183,1397,0.65
1398,1.1598,1398,0.76
1399,1.37025,1399,0.74
1400,1.30538,1400,0.73
1401,1.28792,1401,0.74
1402,1.20247,1402,0.81
1403,1.33944,1403,0.73
1404,1.45117,1404,0.72
1405,1.35423,1405,0.74
1406,1.5326,1406,0.64
1407,1.33934,1407,0.67
1408,1.36445,1408,0.71
1409,1.28798,1409,0.8
1410,1.11962,1410,0.77
1411,1.39559,1411,0.72
1412,1.26145,1412,0.73
1413,1.55706,1413,0.66
1414,1.28186,1414,0.73
1415,1.099,1415,0.76
1416,1.29151,1416,0.78
1417,1.33666,1417,0.7
1418,1.35255,1418,0.65
1419,1.33251,1419,0.63
1420,1.36636,1420,0.71
1421,1.2554,1421,0.73
1422,1.38162,1422,0.61
1423,1.54475,1423,0.73
1424,1.28812,1424,0.78
1425,1.25911,1425,0.73
1426,1.29688,1426,0.77
1427,0.974313,1427,0.88
1428,1.2884,1428,0.76
1429,1.1697,1429,0.74
1430,1.28131,1430,0.73
1431,1.09979,1431,0.77
1432,1.53423,1432,0.7
1433,1.52053,1433,0.62
1434,1.27998,1434,0.83
1435,1.4227,1435,0.77
1436,1.39265,1436,0.69
1437,1.23413,1437,0.69
1438,0.988875,1438,0.85
1439,1.20311,1439,0.65
1440,1.176,1440,0.77
1441,1.28759,1441,0.68
1442,1.41197,1442,0.68
1443,1.46287,1443,0.74
1444,1.3357,1444,0.68
1445,1.2665,1445,0.75
1446,1.22383,1446,0.77
1447,1.34462,1447,0.7
1448,1.33968,1448,0.72
1449,1.25802,1449,0.73
1450,1.34867,1450,0.68
1451,1.46003,1451,0.63
1452,1.40195,1452,0.75
1453,1.29838,1453,0.77
1454,1.04901,1454,0.85
1455,0.978419,1455,0.89
1456,1.2513,1456,0.79
1457,1.12357,1457,0.76
1458,1.34534,1458,0.64
1459,1.61124,1459,0.56
1460,1.8183,1460,0.53
1461,1.68727,1461,0.61
1462,1.42257,1462,0.66
1463,1.37106,1463,0.75
1464,1.24515,1464,0.81
1465,1.43119,1465,0.69
1466,1.21179,1466,0.74
1467,1.21515,1467,0.79
1468,1.06406,1468,0.81
1469,1.10799,1469,0.83
1470,1.30454,1470,0.66
1471,1.57417,1471,0.62
1472,1.33806,1472,0.69
1473,1.525,1473,0.67
1474,1.14181,1474,0.81
1475,0.934075,1475,0.84
1476,1.00018,1476,0.8
1477,1.2368,1477,0.74
1478,1.50867,1478,0.61
1479,1.51747,1479,0.69
1480,1.08273,1480,0.8
1481,0.917165,1481,0.86
1482,1.25693,1482,0.81
1483,1.14961,1483,0.7
1484,1.38897,1484,0.65
1485,1.05396,1485,0.78
1486,1.18069,1486,0.7
1487,1.50571,1487,0.67
1488,1.47029,1488,0.78
1489,1.30464,1489,0.73
1490,1.22138,1490,0.84
1491,1.09986,1491,0.75
1492,1.21785,1492,0.74
1493,1.52206,1493,0.73
1494,1.44314,1494,0.75
1495,1.42908,1495,0.73
1496,1.19153,1496,0.79
1497,1.2165,1497,0.73
1498,1.41501,1498,0.76
1499,1.38889,1499,0.67
1500,1.24356,1500,0.73
1501,1.15534,1501,0.82
1502,0.971678,1502,0.86
1503,1.32934,1503,0.71
1504,1.35832,1504,0.75
1505,1.34511,1505,0.78
1506,1.29036,1506,0.78
1507,1.16214,1507,0.81
1508,1.14854,1508,0.84
1509,1.03604,1509,0.84
1510,1.07983,1510,0.79
1511,1.28824,1511,0.71
1512,1.05819,1512,0.84
1513,1.11015,1513,0.76
1514,1.26426,1514,0.77
1515,1.40272,1515,0.68
1516,1.21377,1516,0.77
1517,1.7683,1517,0.6
1518,1.4219,1518,0.67
1519,1.27086,1519,0.75
1520,1.38794,1520,0.72
1521,1.23868,1521,0.77
1522,1.25389,1522,0.83
1523,1.12941,1523,0.81
1524,1.20978,1524,0.84
1525,1.17452,1525,0.86
1526,1.08073,1526,0.92
1527,1.01368,1527,0.85
1528,1.08464,1528,0.77
1529,1.03484,1529,0.81
1530,1.14508,1530,0.71
1531,1.46273,1531,0.62
1532,1.39841,1532,0.68
1533,1.39837,1533,0.76
1534,1.2318,1534,0.78
1535,1.44997,1535,0.67
1536,1.23907,1536,0.79
1537,1.07667,1537,0.82
1538,1.33657,1538,0.77
1539,1.08339,1539,0.76
1540,1.06632,1540,0.84
1541,1.32769,1541,0.65
1542,1.55542,1542,0.51
1543,1.75751,1543,0.61
1544,1.47269,1544,0.7
1545,1.24107,1545,0.81
1546,1.25222,1546,0.84
1547,1.14484,1547,0.8
1548,0.956359,1548,0.87
1549,1.26666,1549,0.8
1550,1.45741,1550,0.76
1551,1.16559,1551,0.8
1552,1.25717,1552,0.69
1553,1.35989,1553,0.75
1554,1.37867,1554,0.79
1555,1.23915,1555,0.76
1556,1.35579,1556,0.66
1557,1.17632,1557,0.78
1558,1.08396,1558,0.77
1559,1.76291,1559,0.67
1560,1.28267,1560,0.75
1561,1.14834,1561,0.8
1562,1.41727,1562,0.79
1563,1.19746,1563,0.82
1564,1.03872,1564,0.89
1565,0.991969,1565,0.92
1566,1.39105,1566,0.78
1567,1.2147,1567,0.72
1568,1.4631,1568,0.61
1569,1.53206,1569,0.68
1570,1.37311,1570,0.68
1571,1.46507,1571,0.63
1572,1.33567,1572,0.78
1573,0.981019,1573,0.88
1574,1.1663,1574,0.84
1575,1.36836,1575,0.68
1576,1.29704,1576,0.87
1577,1.15357,1577,0.79
1578,1.06216,1578,0.79
1579,1.24437,1579,0.65
1580,1.26626,1580,0.64
1581,1.43634,1581,0.66
1582,1.36465,1582,0.79
1583,1.34191,1583,0.77
1584,1.24469,1584,0.76
1585,1.31957,1585,0.77
1586,1.14423,1586,0.82
1587,1.10428,1587,0.85
1588,1.24484,1588,0.75
1589,1.19173,1589,0.77
1590,1.17812,1590,0.88
1591,1.18046,1591,0.73
1592,1.12155,1592,0.75
1593,1.3084,1593,0.78
1594,1.24277,1594,0.75
1595,1.17445,1595,0.76
1596,1.23807,1596,0.83
1597,1.19921,1597,0.77
1598,1.10477,1598,0.8
1599,1.25484,1599,0.76
1600,1.37345,1600,0.7
1601,1.0001,1601,0.78
1602,0.962188,1602,0.89
1603,1.16265,1603,0.81
1604,1.18634,1604,0.71
1605,1.31969,1605,0.63
1606,1.34329,1606,0.62
1607,1.66948,1607,0.58
1608,1.45635,1608,0.59
1609,1.49421,1609,0.66
1610,1.34741,1610,0.77
1611,1.20137,1611,0.7
1612,1.3137,1612,0.75
1613,1.19026,1613,0.65
1614,1.25257,1614,0.81
1615,1.2352,1615,0.63
1616,1.59135,1616,0.56
1617,1.74499,1617,0.65
1618,1.30838,1618,0.81
1619,1.3529,1619,0.73
1620,1.08675,1620,0.85
1621,1.27307,1621,0.72
1622,1.3164,1622,0.79
1623,1.0784,1623,0.81
1624,1.13312,1624,0.78
1625,1.2223,1625,0.77
1626,1.18536,1626,0.84
1627,0.904004,1627,0.8
1628,1.11054,1628,0.81
1629,1.32661,1629,0.66
1630,1.53302,1630,0.64
1631,1.66495,1631,0.72
1632,1.57923,1632,0.74
1633,1.24433,1633,0.7
1634,1.22411,1634,0.77
1635,1.26908,1635,0.72
1636,1.13701,1636,0.9
1637,1.10837,1637,0.83
1638,1.07588,1638,0.85
1639,1.12017,1639,0.86
1640,1.19729,1640,0.74
1641,1.26872,1641,0.68
1642,1.42023,1642,0.62
1643,1.39147,1643,0.78
1644,1.17162,1644,0.79
1645,1.28289,1645,0.8
1646,1.20215,1646,0.78
1647,1.10728,1647,0.8
1648,1.14363,1648,0.79
1649,1.27359,1649,0.7
1650,1.06737,1650,0.8
1651,1.24668,1651,0.66
1652,1.46422,1652,0.65
1653,1.06799,1653,0.78
1654,1.28929,1654,0.81
1655,1.13273,1655,0.8
1656,1.28012,1656,0.68
1657,1.24241,1657,0.79
1658,1.17948,1658,0.77
1659,1.05671,1659,0.83
1660,0.996483,1660,0.79
1661,1.33278,1661,0.67
1662,1.10968,1662,0.82
1663,1.06302,1663,0.87
1664,1.08607,1664,0.86
1665,1.03445,1665,0.71
1666,1.22582,1666,0.79
1667,1.38138,1667,0.75
1668,1.25708,1668,0.77
1669,0.972923,1669,0.77
1670,1.05569,1670,0.82
1671,1.28775,1671,0.65
1672,1.35899,1672,0.74
1673,1.28575,1673,0.72
1674,1.28967,1674,0.71
1675,1.09547,1675,0.9
1676,1.13207,1676,0.75
1677,1.32345,1677,0.72
1678,1.79377,1678,0.58
1679,1.74572,1679,0.6
1680,1.38096,1680,0.74
1681,1.22017,1681,0.8
1682,1.20544,1682,0.74
1683,1.53048,1683,0.56
1684,1.72276,1684,0.53
1685,1.28231,1685,0.81
1686,1.42808,1686,0.71
1687,1.14503,1687,0.81
1688,1.20834,1688,0.74
1689,1.1892,1689,0.82
1690,1.28338,1690,0.79
1691,1.40705,1691,0.75
1692,1.11593,1692,0.77
1693,1.23631,1693,0.8
1694,1.17984,1694,0.81
1695,1.20825,1695,0.78
1696,1.32581,1696,0.81
1697,1.26877,1697,0.79
1698,1.06127,1698,0.86
1699,1.47613,1699,0.81
1700,1.17655,1700,0.76
1701,0.963992,1701,0.86
1702,1.51886,1702,0.53
1703,1.42197,1703,0.7
1704,1.57917,1704,0.69
1705,1.30202,1705,0.73
1706,1.21231,1706,0.78
1707,1.31288,1707,0.74
1708,1.26716,1708,0.69
1709,1.13777,1709,0.66
1710,1.43536,1710,0.58
1711,1.32259,1711,0.64
1712,1.37667,1712,0.71
1713,1.16507,1713,0.75
1714,1.18875,1714,0.78
1715,1.32412,1715,0.75
1716,1.29139,1716,0.76
1717,1.3767,1717,0.68
1718,1.18669,1718,0.8
1719,0.88816,1719,0.88
1720,1.23217,1720,0.8
1721,1.24208,1721,0.68
1722,1.27409,1722,0.8
1723,1.15467,1723,0.81
1724,1.26001,1724,0.77
1725,1.06392,1725,0.8
1726,1.09285,1726,0.84
1727,1.28193,1727,0.77
1728,1.14012,1728,0.76
1729,1.4127,1729,0.67
1730,1.49927,1730,0.64
1731,1.48046,1731,0.56
1732,1.83298,1732,0.61
1733,1.36962,1733,0.76
1734,0.896771,1734,0.89
1735,1.0267,1735,0.77
1736,1.36467,1736,0.71
1737,1.3221,1737,0.73
1738,1.21026,1738,0.66
1739,1.54444,1739,0.65
1740,1.24519,1740,0.74
1741,1.19783,1741,0.74
1742,1.43561,1742,0.71
1743,1.25356,1743,0.69
1744,1.32518,1744,0.75
1745,1.21585,1745,0.76
1746,1.1361,1746,0.76
1747,1.17615,1747,0.68
1748,1.55525,1748,0.65
1749,1.2077,1749,0.66
1750,1.47294,1750,0.74
1751,1.10274,1751,0.81
1752,1.22459,1752,0.75
1753,0.860228,1753,0.89
1754,1.10764,1754,0.81
1755,1.21244,1755,0.77
1756,1.72323,1756,0.59
1757,1.26235,1757,0.68
1758,1.37725,1758,0.74
1759,1.02073,1759,0.8
1760,1.29644,1760,0.64
1761,1.07953,1761,0.75
1762,1.26291,1762,0.76
1763,1.0807,1763,0.83
1764,1.12083,1764,0.88
1765,1.23146,1765,0.76
1766,1.05382,1766,0.85
1767,1.2152,1767,0.8
1768,1.23065,1768,0.74
1769,1.22601,1769,0.74
1770,1.2085,1770,0.73
1771,1.09533,1771,0.78
1772,1.51163,1772,0.69
1773,1.39893,1773,0.69
1774,1.32702,1774,0.67
1775,1.24077,1775,0.78
1776,1.13018,1776,0.81
1777,1.26519,1777,0.67
1778,1.25195,1778,0.8
1779,1.20372,1779,0.82
1780,1.12579,1780,0.78
1781,0.945078,1781,0.82
1782,1.15355,1782,0.64
1783,1.44696,1783,0.59
1784,1.33435,1784,0.76
1785,1.24983,1785,0.8
1786,1.23588,1786,0.78
1787,1.0928,1787,0.8
1788,1.41432,1788,0.71
1789,1.13831,1789,0.76
1790,1.19043,1790,0.67
1791,0.994848,1791,0.87
1792,1.10807,1792,0.75
1793,1.0596,1793,0.8
1794,1.29976,1794,0.68
1795,1.43576,1795,0.68
1796,1.20301,1796,0.8
1797,1.18944,1797,0.74
1798,1.03717,1798,0.82
1799,1.22565,1799,0.81
1800,0.981573,1800,0.86
1801,1.13008,1801,0.79
1802,1.01238,1802,0.9
1803,1.30977,1803,0.72
1804,1.16197,1804,0.8
1805,1.14352,1805,0.78
1806,1.20985,1806,0.82
1807,1.08916,1807,0.81
1808,1.2762,1808,0.68
1809,1.02322,1809,0.81
1810,1.16228,1810,0.77
1811,1.86466,1811,0.67
1812,1.46712,1812,0.77
1813,1.17533,1813,0.77
1814,1.4527,1814,0.78
1815,1.16278,1815,0.78
1816,1.18944,1816,0.82
1817,1.18421,1817,0.76
1818,1.05477,1818,0.74
1819,1.50778,1819,0.53
1820,1.51414,1820,0.73
1821,1.31992,1821,0.74
1822,1.09079,1822,0.85
1823,1.18666,1823,0.8
1824,1.31049,1824,0.73
1825,1.1535,1825,0.76
1826,1.23028,1826,0.73
1827,1.23541,1827,0.68
1828,1.25632,1828,0.77
1829,1.15534,1829,0.83
1830,1.15577,1830,0.83
1831,0.971467,1831,0.86
1832,0.981884,1832,0.86
1833,0.935918,1833,0.89
1834,1.18439,1834,0.75
1835,1.46271,1835,0.72
1836,0.827622,1836,0.87
1837,1.05365,1837,0.75
1838,1.3481,1838,0.75
1839,1.18606,1839,0.71
1840,1.08255,1840,0.74
1841,1.68983,1841,0.59
1842,1.25068,1842,0.73
1843,1.33384,1843,0.68
1844,1.35814,1844,0.66
1845,1.19256,1845,0.79
1846,1.17694,1846,0.67
1847,1.43486,1847,0.65
1848,1.76154,1848,0.64
1849,1.13134,1849,0.8
1850,1.04768,1850,0.85
1851,0.972336,1851,0.79
1852,1.27802,1852,0.69
1853,1.29252,1853,0.77
1854,1.20117,1854,0.72
1855,1.17821,1855,0.79
1856,1.19423,1856,0.79
1857,1.39235,1857,0.75
1858,1.19224,1858,0.75
1859,1.08734,1859,0.83
1860,0.961481,1860,0.82
1861,1.13469,1861,0.75
1862,1.0916,1862,0.79
1863,1.22248,1863,0.77
1864,1.20664,1864,0.7
1865,1.29789,1865,0.68
1866,1.34952,1866,0.75
1867,1.13367,1867,0.71
1868,1.24687,1868,0.82
1869,1.1669,1869,0.77
1870,1.13078,1870,0.84
1871,1.2812,1871,0.79
1872,0.966516,1872,0.89
1873,1.20732,1873,0.81
1874,1.28327,1874,0.71
1875,1.26561,1875,0.73
1876,1.12051,1876,0.73
1877,1.65005,1877,0.59
1878,1.40448,1878,0.7
1879,1.22597,1879,0.68
1880,1.36142,1880,0.72
1881,1.08139,1881,0.77
1882,1.19415,1882,0.75
1883,1.42533,1883,0.73
1884,1.22626,1884,0.76
1885,1.03104,1885,0.79
1886,1.24785,1886,0.75
1887,1.15659,1887,0.81
1888,1.10652,1888,0.78
1889,1.01008,1889,0.86
1890,0.966602,1890,0.87
1891,1.09923,1891,0.81
1892,1.15826,1892,0.84
1893,1.35569,1893,0.75
1894,1.29391,1894,0.73
1895,1.1051,1895,0.81
1896,1.19229,1896,0.75
1897,1.61701,1897,0.7
1898,1.34502,1898,0.8
1899,1.13527,1899,0.83
1900,1.03702,1900,0.81
1901,1.01632,1901,0.82
1902,1.23799,1902,0.79
1903,1.35379,1903,0.81
1904,1.1241,1904,0.82
1905,1.15982,1905,0.82
1906,0.979732,1906,0.78
1907,1.00685,1907,0.78
1908,1.28342,1908,0.73
1909,1.27494,1909,0.74
1910,1.14779,1910,0.83
1911,1.18372,1911,0.78
1912,1.37325,1912,0.66
1913,1.50838,1913,0.66
1914,1.22512,1914,0.74
1915,1.30767,1915,0.75
1916,1.07635,1916,0.85
1917,1.09781,1917,0.8
1918,1.14767,1918,0.8
1919,1.099,1919,0.8
1920,1.45386,1920,0.66
1921,1.35881,1921,0.78
1922,1.05862,1922,0.81
1923,1.01986,1923,0.86
1924,1.19556,1924,0.76
1925,1.06476,1925,0.79
1926,1.13892,1926,0.77
1927,1.24776,1927,0.75
1928,1.04883,1928,0.81
1929,1.37947,1929,0.62
1930,1.28423,1930,0.74
1931,1.35456,1931,0.69
1932,1.09448,1932,0.74
1933,1.21871,1933,0.75
1934,1.27635,1934,0.73
1935,1.20572,1935,0.68
1936,1.43988,1936,0.67
1937,0.998418,1937,0.8
1938,1.0482,1938,0.86
1939,1.16093,1939,0.81
1940,1.11741,1940,0.82
1941,1.31701,1941,0.8
1942,1.29683,1942,0.74
1943,1.04934,1943,0.85
1944,1.0072,1944,0.89
1945,1.10873,1945,0.68
1946,1.45352,1946,0.7
1947,1.24561,1947,0.74
1948,1.12537,1948,0.82
1949,1.25771,1949,0.8
1950,0.9981,1950,0.86
1951,1.16871,1951,0.77
1952,1.13983,1952,0.84
1953,1.19257,1953,0.8
1954,1.12548,1954,0.76
1955,1.37672,1955,0.76
1956,1.24422,1956,0.79
1957,0.863683,1957,0.87
1958,1.05318,1958,0.85
1959,1.21266,1959,0.8
1960,1.30045,1960,0.7
1961,1.42046,1961,0.62
1962,1.33869,1962,0.65
1963,1.59526,1963,0.65
1964,1.41444,1964,0.72
1965,1.50244,1965,0.72
1966,1.25519,1966,0.75
1967,1.1217,1967,0.85
1968,1.24085,1968,0.8
1969,1.02237,1969,0.81
1970,1.09816,1970,0.73
1971,1.36332,1971,0.74
1972,1.10488,1972,0.84
1973,0.951268,1973,0.86
1974,1.29935,1974,0.66
1975,1.1236,1975,0.79
1976,1.18962,1976,0.81
1977,1.06068,1977,0.8
1978,0.978419,1978,0.84
1979,1.09751,1979,0.77
1980,1.31031,1980,0.8
1981,1.11913,1981,0.77
1982,1.46956,1982,0.6
1983,1.24676,1983,0.81
1984,0.907015,1984,0.8
1985,1.4227,1985,0.76
1986,1.26049,1986,0.76
1987,0.948779,1987,0.83
1988,0.931729,1988,0.85
1989,1.29473,1989,0.82
1990,1.33406,1990,0.78
1991,1.05549,1991,0.81
1992,0.967509,1992,0.78
1993,1.04532,1993,0.8
1994,1.26321,1994,0.73
1995,1.32876,1995,0.72
1996,1.17359,1996,0.65
1997,1.19605,1997,0.73
1998,1.50649,1998,0.74
1999,1.28151,1999,0.7
2000,1.48407,2000,0.73
2001,1.14336,2001,0.81
2002,1.24953,2002,0.78
2003,1.04254,2003,0.85
2004,1.18555,2004,0.78
2005,1.09587,2005,0.84
2006,1.37064,2006,0.74
2007,1.06543,2007,0.76
2008,1.00734,2008,0.82
2009,1.3018,2009,0.82
2010,1.02982,2010,0.82
2011,1.0141,2011,0.84
2012,1.26217,2012,0.75
2013,0.928812,2013,0.84
2014,1.19202,2014,0.78
2015,1.30346,2015,0.68
2016,1.04425,2016,0.83
2017,1.1276,2017,0.82
2018,1.23164,2018,0.75
2019,1.11719,2019,0.77
2020,0.988238,2020,0.84
2021,1.02324,2021,0.77
2022,1.41943,2022,0.63
2023,1.46609,2023,0.61
2024,1.38511,2024,0.72
2025,1.24079,2025,0.73
2026,1.31122,2026,0.69
2027,1.22231,2027,0.76
2028,1.14457,2028,0.81
2029,1.00584,2029,0.82
2030,1.19576,2030,0.75
2031,1.35994,2031,0.79
2032,1.14496,2032,0.7
2033,1.19162,2033,0.79
2034,0.942945,2034,0.85
2035,1.13995,2035,0.68
2036,1.65788,2036,0.68
2037,1.21378,2037,0.74
2038,1.14269,2038,0.82
2039,1.01045,2039,0.81
2040,1.26101,2040,0.71
2041,1.3006,2041,0.68
2042,1.44291,2042,0.74
2043,1.03726,2043,0.84
2044,0.875679,2044,0.88
2045,0.831276,2045,0.87
2046,0.974829,2046,0.91
2047,0.832215,2047,0.88
2048,0.858845,2048,0.79
2049,1.17639,2049,0.72
2050,1.405,2050,0.69
2051,1.02008,2051,0.82
2052,1.49154,2052,0.62
2053,1.3451,2053,0.56
2054,1.4546,2054,0.52
2055,1.53421,2055,0.57
2056,1.21375,2056,0.76
2057,1.05578,2057,0.85
2058,1.27415,2058,0.7
2059,1.26879,2059,0.83
2060,0.982796,2060,0.86
2061,1.06809,2061,0.81
2062,1.0848,2062,0.81
2063,1.48334,2063,0.67
2064,1.04045,2064,0.9
2065,1.00232,2065,0.88
2066,1.11155,2066,0.77
2067,1.18188,2067,0.83
2068,1.10006,2068,0.76
2069,1.0394,2069,0.84
2070,1.33278,2070,0.75
2071,1.0109,2071,0.8
2072,1.2159,2072,0.77
2073,1.29748,2073,0.76
2074,1.14477,2074,0.76
2075,1.10428,2075,0.83
2076,1.15236,2076,0.84
2077,1.20777,2077,0.79
2078,1.34325,2078,0.74
2079,1.18597,2079,0.78
2080,1.02477,2080,0.73
2081,1.30798,2081,0.61
2082,1.50217,2082,0.76
2083,1.05901,2083,0.83
2084,1.30082,2084,0.71
2085,1.37495,2085,0.72
2086,1.42273,2086,0.63
2087,1.01181,2087,0.77
2088,1.12768,2088,0.79
2089,0.936593,2089,0.76
2090,1.28155,2090,0.68
2091,1.46676,2091,0.67
2092,1.35186,2092,0.75
2093,1.50953,2093,0.69
2094,1.22038,2094,0.78
2095,1.13148,2095,0.83
2096,1.17895,2096,0.69
2097,0.998685,2097,0.87
2098,1.08812,2098,0.79
2099,1.1244,2099,0.87
2100,1.18074,2100,0.75
2101,1.05749,2101,0.79
2102,1.10584,2102,0.71
2103,1.03126,2103,0.8
2104,0.961433,2104,0.85
2105,1.1794,2105,0.75
2106,1.01891,2106,0.82
2107,1.19775,2107,0.78
2108,1.23562,2108,0.82
2109,0.917356,2109,0.89
2110,0.873625,2110,0.89
2111,1.10419,2111,0.81
2112,1.10871,2112,0.76
2113,1.28059,2113,0.7
2114,1.54044,2114,0.68
2115,1.09285,2115,0.85
2116,1.26103,2116,0.71
2117,1.28414,2117,0.65
2118,1.41707,2118,0.71
2119,1.23183,2119,0.78
2120,1.12796,2120,0.8
2121,1.10354,2121,0.87
2122,0.983072,2122,0.86
2123,0.992926,2123,0.86
2124,1.22619,2124,0.71
2125,1.21436,2125,0.75
2126,1.14159,2126,0.82
2127,1.19614,2127,0.73
2128,1.40012,2128,0.72
2129,1.1405,2129,0.75
2130,1.18307,2130,0.76
2131,1.24215,2131,0.68
2132,1.13292,2132,0.8
2133,1.11947,2133,0.79
2134,0.984545,2134,0.82
2135,1.03209,2135,0.75
2136,1.11216,2136,0.77
2137,1.03199,2137,0.81
2138,1.17331,2138,0.63
2139,1.31703,2139,0.79
2140,1.2789,2140,0.68
2141,1.25242,2141,0.7
2142,1.09182,2142,0.74
2143,1.19358,2143,0.75
2144,1.43193,2144,0.73
2145,1.00605,2145,0.81
2146,1.07127,2146,0.8
2147,1.16977,2147,0.76
2148,1.00004,2148,0.83
2149,1.09141,2149,0.78
2150,1.10786,2150,0.74
2151,1.03749,2151,0.86
2152,1.01379,2152,0.86
2153,1.16925,2153,0.72
2154,1.07237,2154,0.76
2155,1.37953,2155,0.72
2156,1.16669,2156,0.8
2157,0.985716,2157,0.85
2158,0.957381,2158,0.83
2159,1.07779,2159,0.75
2160,1.05678,2160,0.79
2161,1.14665,2161,0.68
2162,1.22671,2162,0.74
2163,1.05929,2163,0.83
2164,1.09725,2164,0.81
2165,0.89414,2165,0.87
2166,1.2492,2166,0.73
2167,1.15121,2167,0.76
2168,1.17873,2168,0.77
2169,1.0917,2169,0.81
2170,1.19475,2170,0.74
2171,1.06897,2171,0.82
2172,1.06972,2172,0.79
2173,1.26382,2173,0.58
2174,1.39485,2174,0.6
2175,1.6025,2175,0.67
2176,1.01396,2176,0.84
2177,1.01831,2177,0.8
2178,1.22221,2178,0.75
2179,1.06723,2179,0.83
2180,1.40698,2180,0.62
2181,1.21268,2181,0.75
2182,1.09584,2182,0.89
2183,0.974068,2183,0.89
2184,0.886223,2184,0.86
2185,1.22943,2185,0.78
2186,1.23381,2186,0.8
2187,1.10787,2187,0.78
2188,1.21811,2188,0.75
2189,1.23688,2189,0.73
2190,0.932598,2190,0.86
2191,0.963358,2191,0.74
2192,1.20529,2192,0.62
2193,1.38524,2193,0.81
2194,1.15163,2194,0.82
2195,1.13888,2195,0.83
2196,1.36613,2196,0.75
2197,1.05227,2197,0.75
2198,1.0759,2198,0.78
2199,1.175,2199,0.73
2200,1.18344,2200,0.77
2201,0.955755,2201,0.84
2202,1.20234,2202,0.71
2203,1.07697,2203,0.74
2204,0.947774,2204,0.86
2205,1.05942,2205,0.72
2206,1.26073,2206,0.76
2207,1.16541,2207,0.82
2208,1.11553,2208,0.79
2209,1.15157,2209,0.79
2210,1.38345,2210,0.65
2211,1.42627,2211,0.78
2212,1.03762,2212,0.8
2213,0.885534,2213,0.87
2214,1.02748,2214,0.81
2215,0.914357,2215,0.84
2216,1.36677,2216,0.65
2217,1.2341,2217,0.7
2218,1.30216,2218,0.66
2219,1.50785,2219,0.68
2220,1.20719,2220,0.84
2221,0.96565,2221,0.87
2222,1.08797,2222,0.82
2223,0.954922,2223,0.88
2224,0.946875,2224,0.82
2225,1.0897,2225,0.78
2226,1.15758,2226,0.74
2227,0.961716,2227,0.77
2228,1.08135,2228,0.8
2229,1.09028,2229,0.84
2230,1.2963,2230,0.68
2231,1.30868,2231,0.8
2232,1.01577,2232,0.83
2233,1.18984,2233,0.66
2234,1.35775,2234,0.64
2235,0.974826,2235,0.84
2236,1.00343,2236,0.81
2237,1.26959,2237,0.72
2238,1.55526,2238,0.69
2239,1.05758,2239,0.78
2240,1.18279,2240,0.74
2241,1.02773,2241,0.84
2242,1.1013,2242,0.74
2243,1.02441,2243,0.86
2244,1.00909,2244,0.82
2245,1.21571,2245,0.81
2246,1.27969,2246,0.69
2247,0.997047,2247,0.92
2248,1.19622,2248,0.76
2249,1.05618,2249,0.77
2250,1.20363,2250,0.73
2251,1.10729,2251,0.68
2252,1.32701,2252,0.63
2253,1.25207,2253,0.74
2254,1.26122,2254,0.76
2255,0.937095,2255,0.79
2256,1.1391,2256,0.77
2257,1.25919,2257,0.63
2258,1.25165,2258,0.74
2259,1.19047,2259,0.85
2260,1.08716,2260,0.82
2261,1.15294,2261,0.7
2262,1.38929,2262,0.75
2263,1.21961,2263,0.78
2264,0.992464,2264,0.82
2265,1.16077,2265,0.81
2266,1.07784,2266,0.84
2267,1.09132,2267,0.86
2268,1.06858,2268,0.84
2269,0.891855,2269,0.81
2270,1.3165,2270,0.74
2271,1.07878,2271,0.85
2272,0.760045,2272,0.88
2273,0.922555,2273,0.8
2274,1.46039,2274,0.66
2275,1.33372,2275,0.73
2276,1.27504,2276,0.7
2277,1.55452,2277,0.68
2278,1.15631,2278,0.81
2279,1.13358,2279,0.8
2280,1.18229,2280,0.77
2281,0.976735,2281,0.83
2282,1.0438,2282,0.83
2283,1.18949,2283,0.77
2284,0.93404,2284,0.81
2285,1.17705,2285,0.74
2286,0.904144,2286,0.89
2287,1.43896,2287,0.67
2288,1.04843,2288,0.83
2289,1.30561,2289,0.63
2290,1.39638,2290,0.73
2291,1.21752,2291,0.78
2292,1.01257,2292,0.79
2293,1.12883,2293,0.75
2294,1.3389,2294,0.71
2295,1.14468,2295,0.78
2296,1.13239,2296,0.82
2297,1.06226,2297,0.81
2298,1.07105,2298,0.8
2299,1.31997,2299,0.69
2300,1.1453,2300,0.77
2301,1.21864,2301,0.77
2302,1.50897,2302,0.76
2303,1.12699,2303,0.76
2304,1.06302,2304,0.74
2305,0.984785,2305,0.85
2306,1.18217,2306,0.78
2307,1.04068,2307,0.77
2308,1.01734,2308,0.83
2309,1.24177,2309,0.8
2310,1.08554,2310,0.76
2311,1.09861,2311,0.79
2312,1.12202,2312,0.77
2313,1.12208,2313,0.84
2314,0.924112,2314,0.84
2315,1.31856,2315,0.66
2316,1.5269,2316,0.69
2317,1.95573,2317,0.58
2318,1.517,2318,0.71
2319,1.13725,2319,0.8
2320,1.14077,2320,0.82
2321,1.06101,2321,0.84
2322,1.03705,2322,0.83
2323,0.951345,2323,0.88
2324,1.19101,2324,0.77
2325,0.999203,2325,0.78
2326,1.20718,2326,0.75
2327,1.3135,2327,0.68
2328,1.18866,2328,0.77
2329,1.00092,2329,0.82
2330,1.02578,2330,0.85
2331,1.01209,2331,0.8
2332,1.29316,2332,0.71
2333,1.27175,2333,0.72
2334,0.980421,2334,0.88
2335,1.10767,2335,0.8
2336,1.1661,2336,0.8
2337,1.06917,2337,0.81
2338,1.07749,2338,0.78
2339,1.18034,2339,0.79
2340,0.975879,2340,0.89
2341,1.11358,2341,0.81
2342,1.3621,2342,0.7
2343,1.13447,2343,0.82
2344,0.962957,2344,0.81
2345,1.09672,2345,0.8
2346,1.26838,2346,0.74
2347,1.31976,2347,0.77
2348,1.20298,2348,0.71
2349,1.20191,2349,0.76
2350,1.05974,2350,0.85
2351,1.11292,2351,0.8
2352,1.16256,2352,0.76
2353,1.14422,2353,0.8
2354,1.33098,2354,0.75
2355,1.06383,2355,0.81
2356,1.07482,2356,0.77
2357,1.16847,2357,0.78
2358,1.26169,2358,0.79
2359,1.02168,2359,0.76
2360,1.04173,2360,0.84
2361,1.35524,2361,0.69
2362,0.994453,2362,0.86
2363,1.06695,2363,0.77
2364,1.02661,2364,0.79
2365,1.05919,2365,0.77
2366,1.21757,2366,0.83
2367,1.09803,2367,0.9
2368,0.962221,2368,0.82
2369,1.09285,2369,0.77
2370,1.18207,2370,0.66
2371,1.22821,2371,0.7
2372,1.24705,2372,0.77
2373,0.963352,2373,0.84
2374,0.937329,2374,0.66
2375,1.55451,2375,0.68
2376,1.27776,2376,0.69
2377,1.01441,2377,0.83
2378,1.13097,2378,0.83
2379,0.974243,2379,0.81
2380,1.30954,2380,0.72
2381,1.2512,2381,0.82
2382,1.09569,2382,0.78
2383,1.11281,2383,0.82
2384,1.19943,2384,0.8
2385,0.990938,2385,0.84
2386,1.01314,2386,0.86
2387,1.23906,2387,0.78
2388,1.18615,2388,0.77
2389,0.88714,2389,0.9
2390,0.939335,2390,0.8
2391,0.914524,2391,0.85
2392,1.14828,2392,0.84
2393,0.986295,2393,0.84
2394,0.934547,2394,0.88
2395,1.04378,2395,0.83
2396,1.04431,2396,0.85
2397,0.94084,2397,0.86
2398,0.922543,2398,0.88
2399,1.03336,2399,0.87
2400,1.12614,2400,0.79
2401,1.38801,2401,0.73
2402,1.28079,2402,0.78
2403,1.04857,2403,0.83
2404,1.13618,2404,0.79
2405,1.26594,2405,0.81
2406,0.991339,2406,0.82
2407,0.947211,2407,0.85
2408,1.09467,2408,0.76
2409,1.11642,2409,0.83
2410,1.09632,2410,0.8
2411,1.06284,2411,0.76
2412,1.02006,2412,0.67
2413,1.16661,2413,0.75
2414,1.27241,2414,0.81
2415,1.30098,2415,0.67
2416,1.01496,2416,0.8
2417,1.11503,2417,0.7
2418,1.56985,2418,0.73
2419,1.03724,2419,0.82
2420,1.03496,2420,0.86
2421,0.997272,2421,0.85
2422,1.01322,2422,0.75
2423,1.07333,2423,0.82
2424,0.967276,2424,0.77
2425,1.28656,2425,0.77
2426,0.966471,2426,0.83
2427,1.0686,2427,0.8
2428,0.833628,2428,0.89
2429,1.00311,2429,0.81
2430,1.15231,2430,0.86
2431,0.95956,2431,0.8
2432,1.08459,2432,0.87
2433,0.840825,2433,0.9
2434,0.931054,2434,0.89
2435,1.03914,2435,0.81
2436,1.11791,2436,0.71
2437,1.39011,2437,0.64
2438,0.995498,2438,0.93
2439,1.15666,2439,0.82
2440,0.84243,2440,0.89
2441,1.01678,2441,0.79
2442,1.33604,2442,0.63
2443,1.52219,2443,0.64
2444,1.13508,2444,0.7
2445,1.14889,2445,0.8
2446,0.951198,2446,0.8
2447,0.923509,2447,0.86
2448,0.968575,2448,0.82
2449,0.994603,2449,0.88
2450,1.24227,2450,0.73
2451,1.0619,2451,0.8
2452,1.27979,2452,0.63
2453,1.6035,2453,0.73
2454,1.06256,2454,0.84
2455,0.993991,2455,0.82
2456,0.917439,2456,0.82
2457,1.10305,2457,0.71
2458,1.3375,2458,0.71
2459,0.99429,2459,0.82
2460,1.02755,2460,0.8
2461,1.19679,2461,0.79
2462,1.03759,2462,0.77
2463,1.07746,2463,0.81
2464,1.14374,2464,0.76
2465,1.02248,2465,0.81
2466,1.18054,2466,0.8
2467,1.05103,2467,0.83
2468,1.13759,2468,0.87
2469,0.818935,2469,0.77
2470,1.28642,2470,0.58
2471,1.06368,2471,0.83
2472,1.00277,2472,0.79
2473,1.1753,2473,0.81
2474,1.16721,2474,0.82
2475,0.821764,2475,0.92
2476,0.865531,2476,0.82
2477,1.01938,2477,0.77
2478,1.17344,2478,0.72
2479,0.870513,2479,0.84
2480,1.02695,2480,0.83
2481,1.12109,2481,0.74
2482,1.09308,2482,0.84
2483,1.08648,2483,0.84
2484,1.12274,2484,0.78
2485,1.00183,2485,0.77
2486,1.02615,2486,0.81
2487,1.16218,2487,0.78
2488,1.05829,2488,0.79
2489,1.04835,2489,0.76
2490,0.953313,2490,0.77
2491,1.29663,2491,0.74
2492,1.56164,2492,0.71
2493,1.16619,2493,0.77
2494,1.04476,2494,0.8
2495,1.07302,2495,0.76
2496,0.946949,2496,0.76
2497,1.18362,2497,0.8
2498,1.26086,2498,0.76
2499,1.07933,2499,0.77
2500,1.22799,2500,0.79